Date,Average Sentiment,Predicted Close
2024-01-22,0.127451,194.79
2024-01-23,0.094464,195.67
2024-01-24,0.095223,195.44
2024-01-25,0.121606,193.32
2024-01-26,0.038245,192.82
2024-01-29,0.066996,190.58
2024-01-30,0.098941,187.1
2024-01-31,0.012526,183.07
2024-02-01,0.035376,186.15
2024-02-02,0.077262,185.27
2024-02-05,0.086955,188.34
2024-02-06,0.082408,187.12
2024-02-07,0.036663,189.73
2024-02-08,0.075649,189.05
2024-02-09,0.089633,188.96
2024-02-12,0.096843,186.6
2024-02-13,0.096717,186.18
2024-02-14,0.126867,183.78
2024-02-15,0.069934,181.75
2024-02-16,0.174206,183.01
